,tebakan 1,tebakan 2,tebakan 3,tebakan 4,tebakan 5,tebakan 6,tebakan 7,tebakan 8,tebakan 9,asli
0,Ftsl-Ganesha - ITB (IPA),Teknik Kimia - ITB (IPA),Teknik Sipil - ITB (IPA),Farmasi - ITB (IPA),Itb - Sithr - ITB (IPA),Fakultas Ilmu Dan Teknologi Kebumian - ITB (IPA),Sith - Rekayasa - ITB (IPA),Astronomi - ITB (IPA),Fakultas Teknik Sipil Dan Lingkungan (Ftsl) - ITB (IPA),Ftsl-Ganesha - ITB
1,Ftsl-Ganesha - ITB (IPA),Teknik Kimia - ITB (IPA),Teknik Sipil - ITB (IPA),Farmasi - ITB (IPA),Itb - Sithr - ITB (IPA),Fakultas Ilmu Dan Teknologi Kebumian - ITB (IPA),Sith - Rekayasa - ITB (IPA),Astronomi - ITB (IPA),Fakultas Teknik Sipil Dan Lingkungan (Ftsl) - ITB (IPA),Fakultas Teknik Sipil & Lingkungan - ITB
2,Ftsl-Ganesha - ITB (IPA),Teknik Kimia - ITB (IPA),Teknik Sipil - ITB (IPA),Farmasi - ITB (IPA),Itb - Sithr - ITB (IPA),Fakultas Ilmu Dan Teknologi Kebumian - ITB (IPA),Sith - Rekayasa - ITB (IPA),Astronomi - ITB (IPA),Fakultas Teknik Sipil Dan Lingkungan (Ftsl) - ITB (IPA),Farmasi - ITB
3,Ftsl-Ganesha - ITB (IPA),Teknik Kimia - ITB (IPA),Teknik Sipil - ITB (IPA),Farmasi - ITB (IPA),Itb - Sithr - ITB (IPA),Fakultas Ilmu Dan Teknologi Kebumian - ITB (IPA),Sith - Rekayasa - ITB (IPA),Astronomi - ITB (IPA),Fakultas Teknik Sipil Dan Lingkungan (Ftsl) - ITB (IPA),Fakultas Teknologi Industri - ITB
4,Ftsl-Ganesha - ITB (IPA),Teknik Kimia - ITB (IPA),Teknik Sipil - ITB (IPA),Farmasi - ITB (IPA),Itb - Sithr - ITB (IPA),Fakultas Ilmu Dan Teknologi Kebumian - ITB (IPA),Sith - Rekayasa - ITB (IPA),Astronomi - ITB (IPA),Fakultas Teknik Sipil Dan Lingkungan (Ftsl) - ITB (IPA),Sith-R - ITB
5,Ftsl-Ganesha - ITB (IPA),Teknik Kimia - ITB (IPA),Teknik Sipil - ITB (IPA),Farmasi - ITB (IPA),Itb - Sithr - ITB (IPA),Fakultas Ilmu Dan Teknologi Kebumian - ITB (IPA),Sith - Rekayasa - ITB (IPA),Astronomi - ITB (IPA),Fakultas Teknik Sipil Dan Lingkungan (Ftsl) - ITB (IPA),Ftsl - ITB
6,Ftsl-Ganesha - ITB (IPA),Teknik Kimia - ITB (IPA),Teknik Sipil - ITB (IPA),Farmasi - ITB (IPA),Itb - Sithr - ITB (IPA),Fakultas Ilmu Dan Teknologi Kebumian - ITB (IPA),Sith - Rekayasa - ITB (IPA),Astronomi - ITB (IPA),Fakultas Teknik Sipil Dan Lingkungan (Ftsl) - ITB (IPA),Itb - Sithr - ITB
7,Ftsl-Ganesha - ITB (IPA),Teknik Kimia - ITB (IPA),Teknik Sipil - ITB (IPA),Farmasi - ITB (IPA),Itb - Sithr - ITB (IPA),Fakultas Ilmu Dan Teknologi Kebumian - ITB (IPA),Sith - Rekayasa - ITB (IPA),Astronomi - ITB (IPA),Fakultas Teknik Sipil Dan Lingkungan (Ftsl) - ITB (IPA),Sekolah Bisnis Dan Manajemen - ITB
8,Ftsl-Ganesha - ITB (IPA),Teknik Kimia - ITB (IPA),Teknik Sipil - ITB (IPA),Farmasi - ITB (IPA),Itb - Sithr - ITB (IPA),Fakultas Ilmu Dan Teknologi Kebumian - ITB (IPA),Sith - Rekayasa - ITB (IPA),Astronomi - ITB (IPA),Fakultas Teknik Sipil Dan Lingkungan (Ftsl) - ITB (IPA),Sith-R - ITB
9,Ftsl-Ganesha - ITB (IPA),Teknik Kimia - ITB (IPA),Teknik Sipil - ITB (IPA),Farmasi - ITB (IPA),Itb - Sithr - ITB (IPA),Fakultas Ilmu Dan Teknologi Kebumian - ITB (IPA),Sith - Rekayasa - ITB (IPA),Astronomi - ITB (IPA),Fakultas Teknik Sipil Dan Lingkungan (Ftsl) - ITB (IPA),Fitb - ITB
10,Ftsl-Ganesha - ITB (IPA),Teknik Kimia - ITB (IPA),Teknik Sipil - ITB (IPA),Farmasi - ITB (IPA),Itb - Sithr - ITB (IPA),Fakultas Ilmu Dan Teknologi Kebumian - ITB (IPA),Sith - Rekayasa - ITB (IPA),Astronomi - ITB (IPA),Fakultas Teknik Sipil Dan Lingkungan (Ftsl) - ITB (IPA),Fakultas Teknik Sipil Dan Lingkungan-Kampus Jatinangor - ITB
11,Ftsl-Ganesha - ITB (IPA),Teknik Kimia - ITB (IPA),Teknik Sipil - ITB (IPA),Farmasi - ITB (IPA),Itb - Sithr - ITB (IPA),Fakultas Ilmu Dan Teknologi Kebumian - ITB (IPA),Sith - Rekayasa - ITB (IPA),Astronomi - ITB (IPA),Fakultas Teknik Sipil Dan Lingkungan (Ftsl) - ITB (IPA),Fitb - ITB
12,Ftsl-Ganesha - ITB (IPA),Teknik Kimia - ITB (IPA),Teknik Sipil - ITB (IPA),Farmasi - ITB (IPA),Itb - Sithr - ITB (IPA),Fakultas Ilmu Dan Teknologi Kebumian - ITB (IPA),Sith - Rekayasa - ITB (IPA),Astronomi - ITB (IPA),Fakultas Teknik Sipil Dan Lingkungan (Ftsl) - ITB (IPA),Stei - ITB
13,Ftsl-Ganesha - ITB (IPA),Teknik Kimia - ITB (IPA),Teknik Sipil - ITB (IPA),Farmasi - ITB (IPA),Itb - Sithr - ITB (IPA),Fakultas Ilmu Dan Teknologi Kebumian - ITB (IPA),Sith - Rekayasa - ITB (IPA),Astronomi - ITB (IPA),Fakultas Teknik Sipil Dan Lingkungan (Ftsl) - ITB (IPA),Sith-R - ITB
14,Ftsl-Ganesha - ITB (IPA),Teknik Kimia - ITB (IPA),Teknik Sipil - ITB (IPA),Farmasi - ITB (IPA),Itb - Sithr - ITB (IPA),Fakultas Ilmu Dan Teknologi Kebumian - ITB (IPA),Sith - Rekayasa - ITB (IPA),Astronomi - ITB (IPA),Fakultas Teknik Sipil Dan Lingkungan (Ftsl) - ITB (IPA),Ftsl - ITB
15,Ftsl-Ganesha - ITB (IPA),Teknik Kimia - ITB (IPA),Teknik Sipil - ITB (IPA),Farmasi - ITB (IPA),Itb - Sithr - ITB (IPA),Fakultas Ilmu Dan Teknologi Kebumian - ITB (IPA),Sith - Rekayasa - ITB (IPA),Astronomi - ITB (IPA),Fakultas Teknik Sipil Dan Lingkungan (Ftsl) - ITB (IPA),Sith-R - ITB
16,Ftsl-Ganesha - ITB (IPA),Teknik Kimia - ITB (IPA),Teknik Sipil - ITB (IPA),Farmasi - ITB (IPA),Itb - Sithr - ITB (IPA),Fakultas Ilmu Dan Teknologi Kebumian - ITB (IPA),Sith - Rekayasa - ITB (IPA),Astronomi - ITB (IPA),Fakultas Teknik Sipil Dan Lingkungan (Ftsl) - ITB (IPA),Ftsl - ITB
17,Ftsl-Ganesha - ITB (IPA),Teknik Kimia - ITB (IPA),Teknik Sipil - ITB (IPA),Farmasi - ITB (IPA),Itb - Sithr - ITB (IPA),Fakultas Ilmu Dan Teknologi Kebumian - ITB (IPA),Sith - Rekayasa - ITB (IPA),Astronomi - ITB (IPA),Fakultas Teknik Sipil Dan Lingkungan (Ftsl) - ITB (IPA),Ftmd - ITB
18,Ftsl-Ganesha - ITB (IPA),Teknik Kimia - ITB (IPA),Teknik Sipil - ITB (IPA),Farmasi - ITB (IPA),Itb - Sithr - ITB (IPA),Fakultas Ilmu Dan Teknologi Kebumian - ITB (IPA),Sith - Rekayasa - ITB (IPA),Astronomi - ITB (IPA),Fakultas Teknik Sipil Dan Lingkungan (Ftsl) - ITB (IPA),Ftmd - ITB
19,Ftsl-Ganesha - ITB (IPA),Teknik Kimia - ITB (IPA),Teknik Sipil - ITB (IPA),Farmasi - ITB (IPA),Itb - Sithr - ITB (IPA),Fakultas Ilmu Dan Teknologi Kebumian - ITB (IPA),Sith - Rekayasa - ITB (IPA),Astronomi - ITB (IPA),Fakultas Teknik Sipil Dan Lingkungan (Ftsl) - ITB (IPA),Fmipa - ITB
20,Ftsl-Ganesha - ITB (IPA),Teknik Kimia - ITB (IPA),Teknik Sipil - ITB (IPA),Farmasi - ITB (IPA),Itb - Sithr - ITB (IPA),Fakultas Ilmu Dan Teknologi Kebumian - ITB (IPA),Sith - Rekayasa - ITB (IPA),Astronomi - ITB (IPA),Fakultas Teknik Sipil Dan Lingkungan (Ftsl) - ITB (IPA),Sith-S - ITB
21,Ftsl-Ganesha - ITB (IPA),Teknik Kimia - ITB (IPA),Teknik Sipil - ITB (IPA),Farmasi - ITB (IPA),Itb - Sithr - ITB (IPA),Fakultas Ilmu Dan Teknologi Kebumian - ITB (IPA),Sith - Rekayasa - ITB (IPA),Astronomi - ITB (IPA),Fakultas Teknik Sipil Dan Lingkungan (Ftsl) - ITB (IPA),Fitb - ITB
22,Ftsl-Ganesha - ITB (IPA),Teknik Kimia - ITB (IPA),Teknik Sipil - ITB (IPA),Farmasi - ITB (IPA),Itb - Sithr - ITB (IPA),Fakultas Ilmu Dan Teknologi Kebumian - ITB (IPA),Sith - Rekayasa - ITB (IPA),Astronomi - ITB (IPA),Fakultas Teknik Sipil Dan Lingkungan (Ftsl) - ITB (IPA),Sithr - ITB
23,Ftsl-Ganesha - ITB (IPA),Teknik Kimia - ITB (IPA),Teknik Sipil - ITB (IPA),Farmasi - ITB (IPA),Itb - Sithr - ITB (IPA),Fakultas Ilmu Dan Teknologi Kebumian - ITB (IPA),Sith - Rekayasa - ITB (IPA),Astronomi - ITB (IPA),Fakultas Teknik Sipil Dan Lingkungan (Ftsl) - ITB (IPA),Sith-R - ITB
24,Ftsl-Ganesha - ITB (IPA),Teknik Kimia - ITB (IPA),Teknik Sipil - ITB (IPA),Farmasi - ITB (IPA),Itb - Sithr - ITB (IPA),Fakultas Ilmu Dan Teknologi Kebumian - ITB (IPA),Sith - Rekayasa - ITB (IPA),Astronomi - ITB (IPA),Fakultas Teknik Sipil Dan Lingkungan (Ftsl) - ITB (IPA),Fakultas Teknik Sipil Dan Lingkungan - ITB
25,Ftsl-Ganesha - ITB (IPA),Teknik Kimia - ITB (IPA),Teknik Sipil - ITB (IPA),Farmasi - ITB (IPA),Itb - Sithr - ITB (IPA),Fakultas Ilmu Dan Teknologi Kebumian - ITB (IPA),Sith - Rekayasa - ITB (IPA),Astronomi - ITB (IPA),Fakultas Teknik Sipil Dan Lingkungan (Ftsl) - ITB (IPA),Ftsl - ITB
26,Ftsl-Ganesha - ITB (IPA),Teknik Kimia - ITB (IPA),Teknik Sipil - ITB (IPA),Farmasi - ITB (IPA),Itb - Sithr - ITB (IPA),Fakultas Ilmu Dan Teknologi Kebumian - ITB (IPA),Sith - Rekayasa - ITB (IPA),Astronomi - ITB (IPA),Fakultas Teknik Sipil Dan Lingkungan (Ftsl) - ITB (IPA),Fitb - ITB
